site_no,watershed_label,watershed_area_miles2,watershed_area_km2,SPARROW_static_inc_load_2001_2005_kg_yr,dPL_inc_load_2016_2020_kg_yr,SPARROW_static_inc_yield_2001_2005_kg_km2_yr,dPL_inc_yield_2016_2020_kg_km2_yr,WRTDS_inc_load_2001_2005_kg_yr,WRTDS_inc_load_2016_2020_kg_yr,mean_discharge_2001_2005_m3_s,mean_discharge_2016_2020_m3_s,residual_yield_2001_2005_kg_ha_yr,residual_yield_2016_2020_kg_ha_yr
USGS-05200510,S1_1_1,610.0,1579.8938999999998,45795.2660261352,847509.7046248922,0.289862920707113,5.364345698308552,9987.682224429089,18291.318773963383,8.993815565214371,7.967792072312662,-0.22664549690144456,-5.248570083414645
USGS-05227500,S1_1,5530.0,14322.644699999999,148611.7382032852,-577772.2192216464,0.103759983799141,-0.403397718315003,248561.47351292183,320424.14546190057,78.99963751602964,103.068337105357,0.06978441300693344,0.6271162787997855
USGS-05244000,S1_2_1,1030.0,2667.6897,85240.8941352828,125117.27870022485,0.31953076902191,0.469009865353624,256978.5894328829,262057.86029223166,12.337917654885546,14.058869214181902,0.6437693832892188,0.5133302482369176
USGS-05247500,S1_2,2730.0,7070.672699999999,527290.9558532119,1681531.4978505513,0.74574369119534,2.378177535852496,434166.51253138407,521137.0945393939,46.613837611648776,61.93271845162542,-0.13170521005989694,-1.6411372051080197
USGS-05275000,S1_3,559.0,1447.80441,299428.7072745052,894738.3977008729,2.068157170998707,6.179967345871484,235511.70367103704,309580.7559934357,9.161127948949952,11.836620420469796,-0.4414754034591467,-4.041689869610476
USGS-05293000,S1_4_1,459.0,1188.80541,89743.47978282307,329226.36305413174,0.754904705411991,2.769388162980616,285362.5578217418,368757.6757458353,2.54062094698262,5.638103031715548,1.6455096552674566,0.3325297173042269
USGS-05300000,S1_4_2,960.0,2486.3903999999998,312263.8340600468,1055989.813086907,1.255892212502296,4.247079674563202,487905.7447751118,1241519.6969359517,6.045572215501476,15.598415518342389,0.7064132435319288,0.7461816287942746
USGS-05304500,S1_4_3,1880.0,4869.1812,615203.891658361,1417380.461501104,1.263464772389988,2.910921576508806,922405.6959154662,2716880.7736430718,14.553649463940474,26.250857865001876,0.6309106020887151,2.668827178051964
USGS-05316500,S1_4_4,629.0,1629.1037099999999,1040052.0413948763,3466030.917813672,6.384197856837957,21.275692250517753,1271682.7142199199,3058320.6904280656,5.503363722656894,16.458447746552046,1.4218288952582618,-2.5026658823679595
USGS-05316580,S1_4,5042.0,13058.72958,4016385.118730959,10816111.331537884,3.07563235315189,8.282667364598176,1515187.6314163962,11509028.436618619,59.20897970222681,140.0895698682644,-1.915345188819327,0.5306160150080502
USGS-05317000,S1_5,1300.0,3366.9869999999996,2879336.9622770897,8809535.128564477,8.55167234764224,26.16444651721102,3567570.8839816106,8621939.049179023,13.161672418565939,38.93348237647249,2.0440646836608547,-0.5571630641444528
USGS-05319500,S1_6_1,851.0,2204.08149,2556017.689704942,8833156.801333074,11.596747676080442,40.07636215543498,3020295.0840802467,7243422.114700569,10.250992102540467,28.60261790051543,2.1064438700735364,-7.212685619135183
USGS-05320000,S1_6,1559.0,4037.7944099999995,7618634.131776825,13438200.857895326,18.868306204269636,33.28104280053062,8482960.429879718,15853847.19552545,35.195294307347794,77.96596265978614,2.1405901597226022,5.982588741139312
USGS-05327000,S1_7,238.0,616.4176199999999,1030141.3740484025,1938665.84292673,16.711744450919536,31.45052607235222,829350.0256226836,2331661.1266199253,2.71525616209242,9.233603691397002,-3.2573914487668114,6.375471286709737
USGS-05338500,S1_8,974.0,2522.65026,213705.6686593254,264584.2896715594,0.847147430810823,1.048834608058429,118156.00547885147,155310.7202431294,21.383642144084796,29.651604266709786,-0.37876698445100326,-0.43316971504575513
USGS-05353800,S1_9,435.0,1126.64565,1871062.7973839226,4009006.894916574,16.607376040407406,35.583565204521705,2040295.2581793435,3104685.3236093903,8.982914333567244,17.321010143054302,1.502091281277489,-8.026672550567996
USGS-05388250,S1_10,770.0,1994.2922999999998,1679383.1709487676,4185529.643218936,8.420947977128368,20.98754351716113,2396349.4580242243,7101667.454373034,13.922180309022892,35.94026920253073,3.5950912866456775,14.622419246938366
USGS-05389400,S1_11,34.13,88.3963587,62355.09701248542,134940.0267511304,7.054034569920065,15.265337705718236,101849.83032053005,228628.45544138626,0.490761739096495,1.126597070287537,4.467914050858367,10.598675111518576
USGS-05412500,S1_12,1545.0,4001.53455,5156500.846278289,11714847.390704498,12.886308444539832,29.27588714860527,4916799.4782700185,15383915.166386921,27.47095927270724,69.1373559193257,-0.5990236120996904,9.169151808729039
USGS-05435500,S1_13_1_1_1_1,1326.88,3436.6059312,1415538.555351266,3149771.1941269063,4.119001665276722,9.165354588755726,4728558.214888432,9541722.86053647,26.62893541010674,53.93025544335901,9.640382766785018,18.599606106649563
USGS-05437500,S1_13_1_1_1,5036.12,13043.500438799998,6316162.71620532,15513022.550178753,4.842383182214549,11.893297066202232,11309189.071433168,14804198.46724076,131.162569134643,237.19626298715775,3.8279803635957146,-0.5434308729192675
USGS-05440000,S1_13_1_1_2,1099.0,2846.3990099999996,3254903.529595638,6581642.16379084,11.435162526969957,23.122696925723144,3122898.807455645,6001530.853827678,19.526469670973935,43.562726171149315,-0.46376042738995066,-2.0380533717342817
USGS-05440700,S1_13_1_1,528.0,1367.51472,7594468.925476415,6286599.832312219,55.534823972325626,45.970984738739915,1822387.0971134342,5860925.262197226,153.77777749084214,301.4134174354847,-42.20855354568309,-3.1127604250943097
USGS-05443500,S1_13_1,763.0,1976.1623699999998,2621517.4122879803,7439833.217954963,13.265698467317646,37.64788425737995,2490751.6637495905,4539720.750857659,168.45336702318437,334.52894485812413,-0.6617156086136273,-14.675476626433815
USGS-05446500,S1_13,796.0,2061.63204,-649061.2374815829,-843407.4539121464,-3.148288467041786,-4.090969860519563,1804461.8674885817,9960970.118936472,186.89154939482296,369.06620329435435,11.900877835455859,52.40691531379488
USGS-05447500,S1_14,1003.0,2597.7599699999996,2094213.1972775762,4746969.282143416,8.061611624870702,18.273317538815633,2905340.163752708,5491005.831555205,15.253987179180239,33.337896567405345,3.122409213485309,2.8641466417383805
USGS-05455100,S1_16,201.0,520.58799,800844.0707263006,1782336.5549794142,15.383452674855228,34.23698950449115,668381.2331168125,824211.6165505287,2.917233123692109,5.416864496077419,-2.544485085210822,-18.404668506257426
USGS-05457000,S1_15_1_1,399.0,1033.40601,2608821.140091738,5825764.072549524,25.24488066497444,56.37439705377294,2310027.800662978,4001288.300921974,8.39546900385957,16.15665558857807,-2.8913450912556637,-17.65497543049464
USGS-05458500,S1_15_1,1262.0,3268.56738,7506898.983585786,15705353.083212258,22.966939673692107,48.04965373916281,5335042.875689192,13794097.048820905,32.671573838501686,75.74880363229104,-6.644672896101026,-5.847381473871751
USGS-05458900,S1_15_3,846.0,2191.13154,4794993.186233674,8404174.8319684,21.883639109287223,38.35540988090747,4486758.831427471,8069385.644744982,16.20540607888662,35.21157702058417,-1.4067359680569584,-1.527928292353542
USGS-05462000,S1_15_2,1746.0,4522.122539999999,7391075.8662247835,15079042.53502138,16.344262679411568,33.34505511878805,5254750.333813241,12622775.083668288,27.09203165128887,70.84416213584849,-4.724165507490964,-5.431669375666878
USGS-05465000,S1_15,3534.0,9153.02466,10147917.326265655,25793412.10821829,11.086955081213182,28.180206069955343,13861687.048426416,20636969.071190998,142.56947631778908,311.638578940771,4.057423485801863,-5.633594607869539
USGS-05469000,S1_17,432.0,1118.8756799999999,1679794.4609194405,2734535.26564322,15.013235973807571,24.440027739661122,2514824.6605945844,2689048.235424727,8.393590272464227,12.412018801197934,7.463118687816541,-0.4065423087799418
USGS-05471500,S1_18,1635.0,4234.63365,7047558.354500478,13238300.14796225,16.642663656395587,31.261972680829782,7211650.712847252,8951936.594213165,25.02773985644674,49.65893796507787,0.3875007188562209,-10.122159100466895
USGS-05472500,S1_19,730.0,1890.6926999999998,2707538.832999064,4857932.000438892,14.32035376769088,25.693926889541025,2216849.221877412,2955649.1899974006,10.493536676698316,19.950707767368936,-2.595290134254246,-10.06130086841448
USGS-05473400,S1_20,530.0,1372.6946999999998,849464.0391802825,1371434.825878846,6.188295468615728,9.990821891268657,1332177.1932092477,1757798.2915569071,7.534479347738293,11.221121154351074,3.51653688201,2.8146350800222453
USGS-05474500,S1,69997.87,181293.78332129997,47995572.23188782,123302177.37834969,2.647392059044138,6.801235823945822,151390114.29398444,239220501.11189786,2094.1507507898496,3561.595338830032,5.703148788000881,6.393949180712424
USGS-05476000,S5,1250.0,3237.4874999999997,1703523.262928842,7859514.598255168,5.261868232476086,24.276586699578512,1983497.8187111658,5445336.189480857,12.585654526707064,39.019770658895546,0.8647896116427437,-7.456950517258555
USGS-05481950,S12,358.0,927.21642,1309796.121645174,2472118.3452831083,14.126110079512765,26.6617187957382,1576178.5605544883,2644883.640739609,4.365143249716057,10.027782533634147,2.8729262463806924,1.863268291306799
USGS-05482300,S3_1,700.0,1812.993,4025416.7841361277,7260629.78566868,22.203156791758865,40.0477541042281,4933276.928793272,7208991.433223692,10.341618153290757,21.937600550521204,5.007521510878114,-0.28482378279998144
USGS-05484000,S3_2,994.0,2574.4500599999997,3261912.025087566,5892263.67359099,12.670325502789385,22.88746542471673,2487509.6290643425,5857586.554861779,12.031236417721326,25.46786368824014,-3.0080303675543965,-0.13469718938424646
USGS-05484500,S3,1747.0,4524.71253,7480718.143165185,12008682.676756352,16.533024128198452,26.540211333064185,6929289.997881278,11991182.156298142,45.38865109678221,94.37879051324919,-1.2187031587704131,-0.038677640495782525
USGS-05486000,S10,349.0,903.9065099999999,661338.273410994,1050374.7182944808,7.316445518364438,11.62039112091892,651942.4995825917,984892.813945736,3.347011966692166,7.869369476676518,-0.10394630113242882,-0.7244322684294505
USGS-05486490,S6,489.4,1267.541106,802866.7266086218,1265632.345160612,6.334048835246388,9.984941231251966,546020.707099654,977929.8661477551,4.731037724255768,11.378164420808982,-2.0263328604742528,-2.269768433157677
USGS-05489000,S11,374.0,968.65626,243093.11070375922,320026.1308670016,2.509591077269858,3.303815234384607,148426.74365685304,317919.4436548025,4.664479693991849,7.928988013328231,-0.977295775148412,-0.02174855311624259
USGS-05495500,S15,349.0,903.9065099999999,649441.0542030954,960017.8127982887,7.18482549929965,10.620764450499298,675677.7198680716,937972.8592868159,7.57374789853377,7.988213093416806,0.2902586204957881,-0.2438853273827267
USGS-05517500,S2_1_5_1_1_1,1352.0,3501.66648,1638805.7316032401,2521626.7826286783,4.680073733359209,7.201219182441037,2909974.03263764,3568402.6355404956,34.63145661685575,46.938377179259525,3.630180967532921,2.9893648035600964
USGS-05518000,S2_1_5_1_1,427.0,1105.92573,1819807.89724191,1712296.6994307511,16.45506427671151,15.482926682886303,401220.7395917149,585911.4601347367,45.91166847202335,64.09589071457923,-12.82714669863224,-10.184998944694184
USGS-05520500,S2_1_5_1,515.0,1333.84485,558622.3346168599,1121615.6877880506,4.188060812446515,8.408891692223804,1107969.5601044642,1111596.964911386,61.427324088478485,81.72085660226784,4.118524170840442,-0.07511160594625918
USGS-05525000,S2_1_5_2_2,686.0,1776.7331399999998,2576409.130066576,3098942.116178472,14.500822166611785,17.441798356834116,5118839.287936355,5215925.7521246765,18.66767794710574,23.022994894158188,14.309578071301013,11.915034330626627
USGS-05525500,S2_1_5_2_1,446.0,1155.13554,4360071.433074673,4478221.677669992,37.74510680430344,38.76793261568241,3673830.2833813606,2766140.083710932,13.874019447449706,14.305615212938932,-5.940784660588939,-14.821477953652604
USGS-05526000,S2_1_5_2,959.0,2483.80041,4590565.248469301,4415954.0918736085,18.48202146189879,17.77902151112701,5998613.15616755,4856112.808701637,58.52602809520856,67.13982227242829,5.668925337274784,1.7721179006811933
USGS-05527500,S2_1_5,765.0,1981.34235,5864967.13448894,4284386.44168235,29.600978016186556,21.6236555064921,11747493.515316494,5718424.979095615,137.06178728458596,183.25600597094933,29.689600996150684,7.237712036051042
USGS-05527800,S2_1_3_1,123.0,318.56877,121602.04294659854,301810.1423876252,3.817136342228353,9.473940034599915,335014.92056266085,301156.0240140732,2.33742194288727,4.852361094189829,6.699114844686826,-0.02053303509794724
USGS-05531500,S2_1_3_3,115.0,297.84884999999997,328714.33398055396,417744.083871931,11.036280112565619,14.02537172367565,1011271.6620292331,932674.4967291392,4.857730349642698,7.594815440323101,22.916231774897874,17.288312943199486
USGS-05532000,S2_1_3_2,17.9,46.360820999999994,33728.05234868042,51340.14888575008,7.275119728505332,11.074037900612261,91037.43621651843,51593.29790122765,0.534981087793613,0.844788274143921,12.361598140774515,0.05460408379686966
USGS-05532500,S2_1_3,374.1,968.915259,1054520.735715121,997452.9229725337,10.88351871765827,10.294532093570153,1413715.5115176886,1491492.2442794063,18.999905440069465,32.196668565419564,3.7071846321554074,5.098890916598441
USGS-05534500,S2_1_2_1,19.7,51.022802999999996,6701.534240891861,17850.453824986464,1.313439059961457,3.498524733144603,8094.996528315571,10650.587908524521,0.529489353036173,1.000603732945358,0.2731057890770347,-1.4111074839345739
USGS-05536000,S2_1_2,80.3,207.97619699999998,164130.36754084533,278856.2483941179,7.891786171128293,13.408084791266663,269158.7347807839,303300.4599478158,3.242719966373052,5.300325422635347,5.050018644197949,1.17533698116895
USGS-05536195,S17,90.0,233.0991,99935.74774455388,182979.9931275372,4.287264418633701,7.849879863437362,158798.27150952228,106336.47638601527,1.419456936934753,1.817796886973456,2.5252145445850456,-3.2880228512903704
USGS-05536275,S16,104.0,269.35895999999997,222857.85019855225,272887.4397347298,8.273637906775118,10.130995446920712,430161.8152694882,385948.0623692308,2.864272838169564,4.669315280099409,7.696197114472672,4.197396018847896
USGS-05539000,S2_1_1,107.5,278.423925,182951.3202391196,239457.063520328,6.570962615339886,8.600448525403412,215647.93150058488,247521.86177201834,3.04176822300668,4.973281177999072,1.1743463231999645,0.2896589526812519
USGS-05539900,S2_1_4_1_1,28.5,73.81471499999999,104407.2587358725,185932.2276248574,14.144504755707926,25.18904633376386,185833.79335276672,267761.3525330847,1.286155444714365,1.713898700978888,11.031206259740246,11.085746914856651
USGS-05540095,S2_1_4_1,62.2,161.097378,176870.69551087986,127092.70476927864,10.979116960605024,7.889185183962377,296969.9913385151,510667.9201450321,3.147336011533797,4.868072480521848,7.455074521922711,23.810146393304645
USGS-05540500,S2_1_4,233.3,604.2446669999999,1151601.9912189594,1517791.501024472,19.05853794186585,25.11882328329217,1267501.6000693806,1406559.8357587936,11.11322510591751,18.617788972635676,1.9180907202019404,-1.8408381793078936
USGS-05542000,S2_1_6,455.0,1178.44545,1243938.9193751249,2420620.841162254,10.55576157025448,20.540796700961035,3069446.209874359,3720605.956694665,9.379487817549649,16.332679148437148,15.490808594485507,11.031355889510294
USGS-05543500,S2_1,1492.5,3865.560075,11161365.952542793,11071796.200392727,28.873864940626472,28.642152716751472,5425990.532838993,17183211.0356101,265.0006845340352,369.20064566978965,-14.837113661217126,15.809907792514055
USGS-05548280,S2_2_1,192.0,497.27807999999993,172742.3773966838,405283.5081256866,3.473758131399715,8.150037663548064,317194.12956560036,577628.4405031132,3.231346681251232,7.477449790663064,2.904848574240727,3.4657657216144866
USGS-05550500,S2_2_2,35.2,91.167648,11543.147606473094,22840.1737598695,1.26614515781663,2.505293737518544,19295.49767360976,20570.126182471773,0.796644188563096,1.572204790503529,0.850340031491946,-0.24899705402049274
USGS-05551700,S2_2_3,70.2,181.817298,146197.56946683762,249200.38697554497,8.040905407517256,13.7060879089483,124810.29736128256,139187.12166012375,1.264999809333657,2.502994475142343,-1.1763056838274575,-6.0507590050876905
USGS-05552500,S2_2,2344.6,6072.490553999999,4607160.172025408,9364514.948931793,7.586936745402814,15.421209577285074,6212487.5162624065,9724404.108239233,51.550178365642935,104.16158420911265,2.643606161197824,0.5926549512215853
USGS-05554500,S2_3_1,579.0,1499.60421,2693473.16149499,3823703.2833695645,17.961226992654215,25.49808314668285,4296779.637874571,4488541.839505882,12.35911153618914,17.879655170449908,10.691530909876418,4.433426844916083
USGS-05555300,S2_3,672.0,1740.47328,5179017.865348136,7453806.788659758,29.75637675602889,42.82632129037775,3802949.459860489,5018404.595722112,24.144245857741833,38.59468884098654,-7.906288601498367,-13.992758296971077
USGS-05556500,S2_4,196.0,507.63803999999993,788439.0580767564,1557046.2896191436,15.531520413181735,30.672372181153797,1324760.756293925,1518957.1399903768,3.212522698536166,6.570276614902217,10.565041544506172,-0.7503210285180129
USGS-05568000,S2_5,1073.0,2779.0592699999997,5542190.667299666,8128261.631909931,19.942686099313264,29.24824856977567,6226587.447188921,6252583.333316547,20.237353487561883,30.39220037437341,2.462692276042227,-6.74932815878153
USGS-05568800,S2_6_1_1,62.7,162.392373,403420.96260886255,624955.5069285745,24.842358982515922,38.48428934089008,347769.93941468064,502270.635713394,1.118673472171797,1.882838915273392,-3.4269480866679563,-7.5548419515478455
USGS-05569500,S2_6_1,1009.3,2614.0769069999997,4448037.073910781,8225939.189650573,17.01570853558205,31.46785455172752,4535531.103367218,5043935.588347028,18.584812078195075,29.762672892617708,0.33470334871229035,-12.172570718109883
USGS-05570000,S2_6,564.0,1460.75436,1760217.2308625206,-688304.7774688667,12.050056320643266,-4.711981674104788,2372652.790605005,1671378.2971692644,30.944151796079588,42.563596948184504,4.192597855689332,16.153866380642746
USGS-05570910,S2_7_2_1_1,240.0,621.5975999999999,1499253.92786287,1861289.1581089802,24.11936480872626,29.943634887087406,2862204.2929039197,2481254.486294453,5.640457100841009,7.783850025790864,21.92657058265749,9.973740699537336
USGS-05572000,S2_7_2_1,310.0,802.8969,2433920.7174473763,1802345.199113916,30.31423732545706,22.448027873988753,738442.6937368265,668756.550860147,13.581640598426109,15.139308881751413,-21.117007970893273,-14.118732408280177
USGS-05576500,S2_7_2,2068.0,5356.099319999999,3189099.3752117073,4996955.195817152,5.954145329798903,9.329467019325461,8028638.138454838,8230647.784642823,62.26324817448206,70.48463651003627,9.03556576176995,6.037402213119662
USGS-05577500,S2_7_1,107.0,277.12892999999997,230975.3182998842,331171.4628985976,8.334579803699464,11.950086297327301,542968.552457412,679546.3855401344,1.793158265701325,3.023118886597524,11.25805357663409,12.570860885636764
USGS-05579500,S2_7_3_1,214.0,554.2578599999999,694788.1063830154,873263.5090727964,12.535466910347749,15.755545786446701,1738102.5175145692,1170627.8236603434,5.606464602609895,5.431096986510871,18.823628610906013,5.365089718124106
USGS-05580000,S2_7_3_2,227.0,587.92773,1052133.9991500662,1392773.067499475,17.895634879308485,23.68952843063679,1324167.1161898319,1265467.1048990018,4.874396054647013,6.621259394502895,4.626982248987741,-2.165333528331336
USGS-05582000,S2_7_3,1363.0,3530.1563699999997,5840144.21430859,5947139.317395685,16.54358504892119,16.846673897892195,5231963.915641613,5635522.075566175,40.88419285599222,47.53302802915428,-1.7228140482257912,-0.8827292877950046
USGS-05583000,S2_7,564.0,1460.75436,5245367.122330472,2915829.7945968546,35.90861862860003,19.961123337649013,586209.3586134836,1363757.2863846198,115.26568070279272,134.82481973237037,-31.89555952252635,-10.625143766212924
USGS-05584500,S2_8_1,655.0,1696.4434499999998,1614920.6570933159,2418449.655393234,9.519448803868565,14.25599925180668,1977066.8108468838,2060013.0828636617,13.786577813432313,14.796461633660053,2.1347375519859977,-2.11287073865959
USGS-05585000,S2_8,638.0,1652.4136199999998,1233654.5622125901,1232126.123438614,7.465773383135091,7.456523648350309,1238186.3977469816,1323453.0260066383,24.019985095418043,31.718087670376764,0.02742555180821772,0.5526879073293063
USGS-05586100,S2,5300.0,13726.946999999998,-24040624.54667668,-17066477.433950976,-17.51345331680576,-12.432828242107277,-8339405.00368309,4526584.589817762,614.6962670416408,916.7406584112941,11.43824591367155,15.730418441747274
USGS-05587000,S9,868.0,2248.11132,1436075.5672548315,1728591.022903286,6.387920182061232,7.689081085643419,2053046.156395026,2457008.655183998,18.626098055686516,21.176119935696647,2.7443951892035066,3.2401315086154723
USGS-05587900,S13,212.0,549.0778799999999,335162.3754451102,411647.53583055054,6.104095387071689,7.497070102888694,209803.11977084324,266044.7010987472,4.848007353911353,7.35914969001397,-2.283086976191191,-2.651770177516591
USGS-05591200,S4_2_2_1_1,473.0,1225.0652699999998,3010607.3075868837,3774755.8145527886,24.57507678416909,30.812691429516967,3430983.4092553956,3445261.547063303,12.8732253581762,14.327283283410603,3.4314588125456535,-2.689605815774089
USGS-05592100,S4_2_2_1,857.0,2219.6214299999997,1483282.6121674073,2005285.3564240914,6.682592770639304,9.034357522958732,1083476.9106932906,1476984.7202168936,34.371747802189745,42.588347484734605,-1.8012337422517888,-2.3801384734657107
USGS-05592500,S4_2_2,610.0,1579.8938999999998,271102.2275940506,58107.80167887639,1.715952112949171,0.367795594874291,1482328.1489200601,-257227.91396148782,50.28689985994736,61.12405371257273,7.666501663978889,-1.9959296990789335
USGS-05592800,S4_2_1,152.0,393.67848,150369.49988567102,266454.4609597818,3.819601718785112,6.768326807190014,125947.70715556615,231117.58786131704,3.831800935410711,6.025044825583615,-0.6203486847974231,-0.897607435856406
USGS-05593000,S4_2,627.0,1623.92373,707334.6671661334,-888043.8066311358,4.355713597252092,-5.468506865350971,-2299160.885319144,-2072929.800735233,65.6612899794617,92.22755291136691,-18.513773134439493,-7.296438694840042
USGS-05594000,S4_1,735.0,1903.6426499999998,845676.0348400552,1258903.4355523388,4.442409581651552,6.613128969096899,706381.0863717381,935538.8578236215,18.548686378487012,24.5999139225027,-0.7317284494982136,-1.698662181837108
USGS-05594100,S4,939.0,2432.0006099999996,-1023245.645178101,-1088146.242197942,-4.207423472554561,-4.474284413102767,188661.438936593,552048.8080872013,105.11140060559262,146.54857030798112,4.9831693262391665,6.744221377005097
USGS-05594450,S8_1,154.0,398.85846,226167.6366396924,313966.9155407656,5.670373310865524,7.871637360801263,155668.1856534832,207188.64899734655,3.942691952515679,5.708884224077365,-1.767530541691637,-2.677096695991332
USGS-05594800,S8,310.0,802.8969,352393.4397515662,465034.7207810362,4.389024789503686,5.791960596448139,347524.6294449092,583917.5400602114,11.10593505545093,17.47404823248279,-0.06064054185110179,1.4806735370279205
USGS-05595200,S14,129.0,334.10871,189238.8337501292,272100.4695630608,5.663989835827065,8.144069921525267,305759.6044705763,323271.98397350684,3.320438958962749,5.860453744171462,3.4875107183062384,1.5315827716806918
USGS-05595730,S7_1,88.0,227.91912,39409.25185086374,91865.21342659101,1.72908933005988,4.030605831866629,115272.77784148706,139609.30595470755,1.879307683360347,3.272367325028855,3.3285283828150667,2.0947822424075935
USGS-05597000,S7,704.0,1823.35296,273554.48435157246,508469.80617119814,1.500282667989704,2.788652648860691,88492.62293898247,128943.5334367642,17.92973998975061,28.948547481569342,-1.014953579874025,-2.0814745200755533
USGS-05599490,S18,2159.0,5591.788409999999,998761.805802721,1880198.649979158,1.786122314672348,3.362428103711382,831700.4327020447,1426194.734946786,52.937223170910876,77.08489958610463,-0.298761971754715,-0.8119118281021871
